1,3,5,7,9,11,13,15,17,19,21,23,27,29,31,33,35,37,39,41,43,45,47,49,51,53,55,57,59,61,63,65,67,69,71,73,75,77,79,81,83,85,86,87,89,91,93,95,97,99,101,103,105,107,113,115,117,109,111,119,121,123,125,127,129,131,133
  (0, 1)	1
  (0, 2)	1
  (0, 3)	1
  (0, 4)	1
  (0, 5)	1
  (0, 6)	1
  (0, 7)	1
  (0, 8)	1
  (0, 9)	1
  (0, 10)	1
  (0, 11)	1
  (0, 12)	1
  (0, 13)	1
  (0, 14)	1
  (0, 15)	1
  (0, 16)	1
  (0, 17)	1
  (0, 18)	1
  (0, 19)	1
  (0, 21)	1
  (0, 22)	1
  (0, 23)	1
  (0, 24)	1
  (0, 25)	1
  (0, 26)	1
  :	:
  (0, 42)	1
  (0, 43)	1
  (0, 44)	1
  (0, 45)	1
  (0, 46)	1
  (0, 47)	1
  (0, 48)	1
  (0, 49)	1
  (0, 50)	1
  (0, 51)	1
  (0, 52)	1
  (0, 53)	1
  (0, 54)	1
  (0, 55)	1
  (0, 56)	1
  (0, 57)	1
  (0, 58)	1
  (0, 59)	1
  (0, 60)	1
  (0, 61)	1
  (0, 62)	1
  (0, 63)	1
  (0, 64)	1
  (0, 65)	1
  (0, 66)	1
  (0, 0)	1
  (0, 2)	1
  (0, 3)	1
  (0, 4)	1
  (0, 5)	1
  (0, 6)	1
  (0, 7)	1
  (0, 9)	1
  (0, 10)	1
  (0, 11)	1
  (0, 13)	1
  (0, 14)	1
  (0, 15)	1
  (0, 16)	1
  (0, 17)	1
  (0, 21)	1
  (0, 22)	1
  (0, 23)	1
  (0, 24)	1
  (0, 26)	1
  (0, 27)	1
  (0, 28)	1
  (0, 30)	1
  (0, 31)	1
  (0, 32)	1
  (0, 33)	1
  (0, 34)	1
  (0, 36)	1
  (0, 37)	1
  (0, 38)	1
  (0, 40)	1
  (0, 42)	1
  (0, 43)	1
  (0, 44)	1
  (0, 45)	1
  (0, 47)	1
  (0, 48)	1
  (0, 49)	1
  (0, 50)	1
  (0, 51)	1
  (0, 52)	1
  (0, 53)	1
  (0, 54)	1
  (0, 56)	1
  (0, 57)	1
  (0, 60)	1
  (0, 62)	1
  (0, 63)	1
  (0, 64)	1
  (0, 65)	1
  (0, 0)	1
  (0, 1)	1
  (0, 3)	1
  (0, 4)	1
  (0, 5)	1
  (0, 6)	1
  (0, 7)	1
  (0, 8)	1
  (0, 9)	1
  (0, 11)	1
  (0, 13)	1
  (0, 14)	1
  (0, 15)	1
  (0, 17)	1
  (0, 18)	1
  (0, 19)	1
  (0, 20)	1
  (0, 21)	1
  (0, 24)	1
  (0, 25)	1
  (0, 26)	1
  (0, 27)	1
  (0, 28)	1
  (0, 29)	1
  (0, 30)	1
  :	:
  (0, 37)	1
  (0, 38)	1
  (0, 39)	1
  (0, 40)	1
  (0, 41)	2
  (0, 43)	1
  (0, 44)	1
  (0, 45)	1
  (0, 46)	1
  (0, 47)	1
  (0, 48)	1
  (0, 49)	1
  (0, 50)	1
  (0, 51)	1
  (0, 52)	1
  (0, 54)	1
  (0, 56)	1
  (0, 58)	1
  (0, 59)	1
  (0, 61)	1
  (0, 62)	1
  (0, 63)	1
  (0, 64)	1
  (0, 65)	1
  (0, 66)	1
  (0, 0)	1
  (0, 1)	1
  (0, 2)	1
  (0, 4)	1
  (0, 5)	1
  (0, 6)	1
  (0, 7)	1
  (0, 9)	1
  (0, 11)	1
  (0, 12)	1
  (0, 13)	1
  (0, 14)	1
  (0, 15)	1
  (0, 16)	1
  (0, 17)	1
  (0, 19)	1
  (0, 21)	1
  (0, 22)	1
  (0, 23)	1
  (0, 26)	1
  (0, 27)	1
  (0, 28)	1
  (0, 29)	1
  (0, 30)	1
  (0, 31)	1
  :	:
  (0, 40)	1
  (0, 41)	1
  (0, 42)	1
  (0, 43)	1
  (0, 44)	1
  (0, 45)	1
  (0, 46)	1
  (0, 47)	1
  (0, 48)	1
  (0, 49)	1
  (0, 50)	1
  (0, 51)	1
  (0, 52)	1
  (0, 53)	1
  (0, 54)	1
  (0, 55)	1
  (0, 57)	1
  (0, 58)	1
  (0, 59)	1
  (0, 60)	1
  (0, 61)	1
  (0, 62)	1
  (0, 63)	1
  (0, 65)	1
  (0, 66)	1
  (0, 0)	1
  (0, 1)	1
  (0, 2)	1
  (0, 3)	1
  (0, 5)	1
  (0, 6)	1
  (0, 7)	1
  (0, 8)	1
  (0, 9)	1
  (0, 10)	1
  (0, 11)	1
  (0, 12)	1
  (0, 13)	1
  (0, 14)	1
  (0, 15)	1
  (0, 16)	1
  (0, 17)	1
  (0, 18)	1
  (0, 19)	1
  (0, 20)	1
  (0, 21)	1
  (0, 22)	1
  (0, 23)	1
  (0, 24)	1
  (0, 25)	1
  :	:
  (0, 41)	1
  (0, 42)	1
  (0, 43)	1
  (0, 44)	1
  (0, 45)	1
  (0, 46)	1
  (0, 47)	1
  (0, 48)	1
  (0, 49)	1
  (0, 50)	1
  (0, 51)	1
  (0, 52)	1
  (0, 53)	1
  (0, 54)	1
  (0, 55)	1
  (0, 56)	1
  (0, 57)	1
  (0, 58)	1
  (0, 59)	1
  (0, 60)	1
  (0, 61)	1
  (0, 62)	1
  (0, 63)	1
  (0, 64)	1
  (0, 65)	1
  (0, 0)	1
  (0, 1)	1
  (0, 2)	1
  (0, 3)	1
  (0, 4)	1
  (0, 6)	1
  (0, 7)	1
  (0, 8)	1
  (0, 9)	1
  (0, 10)	1
  (0, 11)	1
  (0, 12)	1
  (0, 13)	1
  (0, 14)	1
  (0, 15)	1
  (0, 16)	1
  (0, 17)	1
  (0, 18)	1
  (0, 19)	1
  (0, 20)	1
  (0, 21)	1
  (0, 22)	1
  (0, 23)	1
  (0, 24)	1
  (0, 25)	1
  :	:
  (0, 41)	1
  (0, 42)	1
  (0, 43)	1
  (0, 45)	1
  (0, 46)	1
  (0, 47)	1
  (0, 48)	1
  (0, 49)	1
  (0, 50)	1
  (0, 51)	1
  (0, 52)	1
  (0, 53)	1
  (0, 54)	1
  (0, 55)	1
  (0, 56)	1
  (0, 57)	1
  (0, 58)	1
  (0, 59)	1
  (0, 60)	1
  (0, 61)	1
  (0, 62)	1
  (0, 63)	1
  (0, 64)	1
  (0, 65)	1
  (0, 66)	1
  (0, 0)	1
  (0, 1)	1
  (0, 2)	1
  (0, 3)	1
  (0, 4)	1
  (0, 5)	1
  (0, 8)	1
  (0, 10)	1
  (0, 11)	1
  (0, 14)	1
  (0, 15)	1
  (0, 16)	1
  (0, 17)	1
  (0, 18)	1
  (0, 21)	1
  (0, 22)	1
  (0, 24)	1
  (0, 27)	1
  (0, 30)	1
  (0, 31)	1
  (0, 32)	1
  (0, 33)	1
  (0, 34)	1
  (0, 35)	1
  (0, 37)	1
  (0, 38)	1
  (0, 40)	1
  (0, 42)	1
  (0, 44)	1
  (0, 46)	1
  (0, 47)	1
  (0, 48)	1
  (0, 49)	1
  (0, 50)	1
  (0, 51)	1
  (0, 52)	1
  (0, 53)	1
  (0, 54)	1
  (0, 55)	1
  (0, 60)	1
  (0, 61)	1
  (0, 62)	1
  (0, 63)	1
  (0, 64)	1
  (0, 65)	1
  (0, 66)	1
  (0, 0)	1
  (0, 1)	1
  (0, 2)	1
  (0, 3)	1
  (0, 4)	1
  (0, 5)	1
  (0, 8)	1
  (0, 9)	1
  (0, 10)	1
  (0, 11)	1
  (0, 12)	1
  (0, 13)	1
  (0, 14)	1
  (0, 15)	1
  (0, 17)	1
  (0, 20)	1
  (0, 21)	1
  (0, 22)	1
  (0, 24)	1
  (0, 25)	1
  (0, 26)	1
  (0, 27)	1
  (0, 29)	1
  (0, 30)	1
  (0, 31)	1
  :	:
  (0, 35)	1
  (0, 39)	1
  (0, 40)	1
  (0, 42)	1
  (0, 44)	1
  (0, 45)	1
  (0, 46)	1
  (0, 47)	1
  (0, 48)	1
  (0, 49)	1
  (0, 50)	1
  (0, 51)	1
  (0, 52)	1
  (0, 53)	1
  (0, 54)	1
  (0, 55)	1
  (0, 56)	1
  (0, 57)	1
  (0, 58)	1
  (0, 59)	1
  (0, 60)	1
  (0, 62)	1
  (0, 63)	1
  (0, 64)	1
  (0, 65)	1
  (0, 0)	1
  (0, 2)	1
  (0, 4)	1
  (0, 5)	1
  (0, 6)	1
  (0, 7)	1
  (0, 9)	1
  (0, 10)	1
  (0, 11)	1
  (0, 13)	1
  (0, 14)	1
  (0, 15)	1
  (0, 16)	1
  (0, 17)	1
  (0, 18)	1
  (0, 19)	1
  (0, 22)	1
  (0, 25)	1
  (0, 26)	1
  (0, 27)	1
  (0, 28)	1
  (0, 29)	1
  (0, 30)	1
  (0, 31)	1
  (0, 33)	1
  :	:
  (0, 36)	1
  (0, 37)	1
  (0, 38)	1
  (0, 39)	1
  (0, 40)	1
  (0, 42)	1
  (0, 45)	1
  (0, 47)	1
  (0, 48)	1
  (0, 49)	1
  (0, 50)	1
  (0, 51)	1
  (0, 52)	1
  (0, 53)	1
  (0, 54)	1
  (0, 55)	1
  (0, 56)	1
  (0, 58)	1
  (0, 59)	1
  (0, 60)	1
  (0, 61)	1
  (0, 62)	1
  (0, 63)	1
  (0, 65)	1
  (0, 66)	1
  (0, 0)	1
  (0, 1)	1
  (0, 2)	1
  (0, 3)	1
  (0, 4)	1
  (0, 5)	1
  (0, 7)	1
  (0, 8)	1
  (0, 10)	1
  (0, 11)	1
  (0, 12)	1
  (0, 14)	1
  (0, 15)	1
  (0, 16)	1
  (0, 17)	1
  (0, 18)	1
  (0, 19)	1
  (0, 22)	1
  (0, 24)	1
  (0, 25)	1
  (0, 27)	1
  (0, 28)	1
  (0, 29)	1
  (0, 30)	1
  (0, 32)	1
  :	:
  (0, 36)	1
  (0, 39)	1
  (0, 40)	1
  (0, 41)	1
  (0, 42)	1
  (0, 43)	1
  (0, 44)	1
  (0, 45)	1
  (0, 47)	1
  (0, 48)	1
  (0, 49)	1
  (0, 50)	1
  (0, 51)	1
  (0, 52)	1
  (0, 53)	1
  (0, 54)	1
  (0, 55)	1
  (0, 56)	1
  (0, 57)	1
  (0, 58)	1
  (0, 59)	1
  (0, 60)	1
  (0, 62)	1
  (0, 63)	1
  (0, 64)	1
  (0, 0)	1
  (0, 1)	1
  (0, 4)	1
  (0, 5)	1
  (0, 6)	1
  (0, 7)	1
  (0, 8)	1
  (0, 9)	1
  (0, 11)	1
  (0, 12)	1
  (0, 14)	1
  (0, 15)	1
  (0, 18)	1
  (0, 19)	1
  (0, 20)	1
  (0, 23)	1
  (0, 24)	1
  (0, 25)	1
  (0, 26)	1
  (0, 27)	1
  (0, 29)	1
  (0, 30)	1
  (0, 31)	1
  (0, 33)	1
  (0, 34)	1
  :	:
  (0, 37)	1
  (0, 39)	1
  (0, 40)	1
  (0, 41)	1
  (0, 42)	1
  (0, 43)	1
  (0, 44)	1
  (0, 45)	1
  (0, 47)	1
  (0, 48)	1
  (0, 49)	1
  (0, 50)	1
  (0, 51)	1
  (0, 52)	1
  (0, 54)	1
  (0, 55)	1
  (0, 56)	1
  (0, 57)	1
  (0, 58)	1
  (0, 59)	1
  (0, 62)	1
  (0, 63)	1
  (0, 64)	1
  (0, 65)	1
  (0, 66)	1
  (0, 0)	1
  (0, 1)	1
  (0, 2)	1
  (0, 3)	1
  (0, 4)	1
  (0, 5)	1
  (0, 6)	1
  (0, 7)	1
  (0, 8)	1
  (0, 9)	1
  (0, 10)	1
  (0, 12)	1
  (0, 13)	1
  (0, 14)	1
  (0, 15)	1
  (0, 16)	1
  (0, 17)	1
  (0, 18)	1
  (0, 19)	1
  (0, 21)	1
  (0, 22)	1
  (0, 23)	1
  (0, 25)	1
  (0, 26)	1
  (0, 27)	1
  :	:
  (0, 41)	1
  (0, 42)	1
  (0, 44)	1
  (0, 45)	1
  (0, 46)	1
  (0, 47)	1
  (0, 48)	1
  (0, 49)	1
  (0, 50)	1
  (0, 51)	1
  (0, 52)	1
  (0, 53)	1
  (0, 54)	1
  (0, 55)	1
  (0, 56)	1
  (0, 57)	1
  (0, 58)	1
  (0, 59)	1
  (0, 60)	1
  (0, 61)	1
  (0, 62)	1
  (0, 63)	1
  (0, 64)	1
  (0, 65)	1
  (0, 66)	1
  (0, 0)	1
  (0, 3)	1
  (0, 4)	1
  (0, 5)	1
  (0, 7)	1
  (0, 9)	1
  (0, 10)	1
  (0, 11)	1
  (0, 13)	1
  (0, 14)	1
  (0, 15)	1
  (0, 17)	1
  (0, 19)	1
  (0, 20)	1
  (0, 21)	1
  (0, 22)	1
  (0, 23)	1
  (0, 24)	1
  (0, 26)	1
  (0, 27)	1
  (0, 28)	1
  (0, 29)	1
  (0, 30)	1
  (0, 33)	1
  (0, 34)	1
  (0, 35)	1
  (0, 36)	1
  (0, 38)	1
  (0, 39)	1
  (0, 40)	1
  (0, 41)	1
  (0, 42)	1
  (0, 43)	1
  (0, 45)	1
  (0, 46)	1
  (0, 47)	1
  (0, 49)	1
  (0, 51)	1
  (0, 52)	1
  (0, 54)	1
  (0, 55)	1
  (0, 56)	1
  (0, 57)	1
  (0, 58)	1
  (0, 59)	1
  (0, 60)	1
  (0, 61)	1
  (0, 63)	1
  (0, 65)	1
  (0, 0)	1
  (0, 1)	1
  (0, 2)	1
  (0, 3)	1
  (0, 4)	1
  (0, 5)	1
  (0, 7)	1
  (0, 8)	1
  (0, 11)	1
  (0, 12)	1
  (0, 14)	1
  (0, 15)	1
  (0, 18)	1
  (0, 19)	1
  (0, 21)	1
  (0, 22)	1
  (0, 24)	1
  (0, 25)	1
  (0, 27)	1
  (0, 28)	1
  (0, 30)	1
  (0, 31)	1
  (0, 32)	1
  (0, 36)	1
  (0, 37)	1
  (0, 38)	1
  (0, 40)	1
  (0, 42)	1
  (0, 43)	1
  (0, 47)	1
  (0, 49)	1
  (0, 50)	1
  (0, 51)	1
  (0, 52)	1
  (0, 54)	1
  (0, 55)	1
  (0, 60)	1
  (0, 61)	1
  (0, 62)	1
  (0, 63)	1
  (0, 64)	1
  (0, 0)	1
  (0, 1)	1
  (0, 2)	1
  (0, 3)	1
  (0, 4)	1
  (0, 5)	1
  (0, 6)	1
  (0, 7)	1
  (0, 8)	1
  (0, 9)	1
  (0, 10)	1
  (0, 11)	1
  (0, 12)	1
  (0, 13)	1
  (0, 15)	1
  (0, 16)	1
  (0, 17)	1
  (0, 18)	1
  (0, 19)	1
  (0, 22)	1
  (0, 24)	1
  (0, 25)	1
  (0, 26)	1
  (0, 27)	1
  (0, 28)	1
  :	:
  (0, 42)	1
  (0, 43)	1
  (0, 44)	1
  (0, 45)	1
  (0, 46)	1
  (0, 47)	1
  (0, 48)	1
  (0, 49)	1
  (0, 50)	1
  (0, 51)	1
  (0, 52)	1
  (0, 53)	1
  (0, 54)	1
  (0, 55)	1
  (0, 56)	1
  (0, 57)	1
  (0, 58)	1
  (0, 59)	1
  (0, 60)	1
  (0, 61)	1
  (0, 62)	1
  (0, 63)	1
  (0, 64)	1
  (0, 65)	1
  (0, 66)	1
  (0, 0)	1
  (0, 1)	1
  (0, 2)	1
  (0, 3)	1
  (0, 4)	1
  (0, 5)	1
  (0, 6)	1
  (0, 7)	1
  (0, 8)	1
  (0, 9)	1
  (0, 10)	1
  (0, 11)	1
  (0, 12)	1
  (0, 13)	1
  (0, 14)	1
  (0, 16)	1
  (0, 17)	1
  (0, 18)	1
  (0, 19)	1
  (0, 21)	1
  (0, 22)	1
  (0, 24)	1
  (0, 25)	1
  (0, 26)	1
  (0, 27)	1
  :	:
  (0, 42)	1
  (0, 43)	1
  (0, 44)	1
  (0, 45)	1
  (0, 46)	1
  (0, 47)	1
  (0, 48)	1
  (0, 49)	1
  (0, 50)	1
  (0, 51)	1
  (0, 52)	1
  (0, 53)	1
  (0, 54)	1
  (0, 55)	1
  (0, 56)	1
  (0, 57)	1
  (0, 58)	1
  (0, 59)	1
  (0, 60)	1
  (0, 61)	1
  (0, 62)	1
  (0, 63)	1
  (0, 64)	1
  (0, 65)	1
  (0, 66)	1
  (0, 0)	1
  (0, 1)	1
  (0, 3)	1
  (0, 4)	1
  (0, 5)	1
  (0, 6)	1
  (0, 8)	1
  (0, 9)	1
  (0, 11)	1
  (0, 14)	1
  (0, 15)	1
  (0, 18)	1
  (0, 22)	1
  (0, 25)	1
  (0, 27)	1
  (0, 29)	1
  (0, 33)	1
  (0, 35)	1
  (0, 38)	1
  (0, 42)	1
  (0, 43)	1
  (0, 45)	1
  (0, 47)	1
  (0, 48)	1
  (0, 49)	1
  (0, 50)	1
  (0, 51)	1
  (0, 52)	1
  (0, 53)	1
  (0, 55)	1
  (0, 56)	1
  (0, 57)	1
  (0, 58)	1
  (0, 61)	1
  (0, 63)	1
  (0, 0)	1
  (0, 1)	1
  (0, 2)	1
  (0, 3)	1
  (0, 4)	1
  (0, 5)	1
  (0, 6)	1
  (0, 7)	1
  (0, 8)	1
  (0, 9)	1
  (0, 11)	1
  (0, 12)	1
  (0, 14)	1
  (0, 15)	1
  (0, 18)	1
  (0, 19)	1
  (0, 20)	1
  (0, 21)	1
  (0, 22)	1
  (0, 26)	1
  (0, 27)	1
  (0, 28)	1
  (0, 30)	1
  (0, 31)	1
  (0, 33)	1
  (0, 34)	1
  (0, 35)	1
  (0, 36)	1
  (0, 37)	1
  (0, 38)	1
  (0, 40)	1
  (0, 41)	1
  (0, 42)	1
  (0, 45)	1
  (0, 46)	1
  (0, 47)	1
  (0, 49)	1
  (0, 51)	1
  (0, 52)	1
  (0, 53)	1
  (0, 54)	1
  (0, 55)	1
  (0, 56)	1
  (0, 57)	1
  (0, 59)	1
  (0, 62)	1
  (0, 63)	1
  (0, 64)	1
  (0, 66)	1
  (0, 0)	1
  (0, 2)	1
  (0, 4)	1
  (0, 5)	1
  (0, 6)	1
  (0, 8)	1
  (0, 9)	1
  (0, 10)	1
  (0, 11)	1
  (0, 13)	1
  (0, 14)	1
  (0, 15)	1
  (0, 16)	1
  (0, 17)	1
  (0, 19)	1
  (0, 21)	1
  (0, 25)	1
  (0, 26)	1
  (0, 27)	1
  (0, 28)	1
  (0, 29)	1
  (0, 30)	1
  (0, 31)	1
  (0, 33)	1
  (0, 34)	1
  :	:
  (0, 37)	1
  (0, 38)	1
  (0, 39)	1
  (0, 40)	1
  (0, 41)	1
  (0, 42)	1
  (0, 45)	1
  (0, 46)	1
  (0, 47)	1
  (0, 48)	1
  (0, 49)	1
  (0, 50)	1
  (0, 51)	1
  (0, 52)	1
  (0, 53)	1
  (0, 54)	1
  (0, 55)	1
  (0, 56)	1
  (0, 57)	1
  (0, 58)	1
  (0, 59)	1
  (0, 63)	1
  (0, 64)	1
  (0, 65)	1
  (0, 66)	1
  (0, 0)	1
  (0, 2)	1
  (0, 3)	1
  (0, 4)	1
  (0, 5)	1
  (0, 8)	1
  (0, 9)	1
  (0, 10)	1
  (0, 11)	1
  (0, 12)	1
  (0, 13)	1
  (0, 14)	1
  (0, 15)	1
  (0, 17)	1
  (0, 18)	1
  (0, 22)	1
  (0, 24)	1
  (0, 25)	1
  (0, 27)	1
  (0, 28)	1
  (0, 29)	1
  (0, 30)	1
  (0, 31)	1
  (0, 32)	1
  (0, 34)	1
  (0, 35)	1
  (0, 36)	1
  (0, 40)	1
  (0, 42)	1
  (0, 43)	1
  (0, 47)	1
  (0, 49)	1
  (0, 50)	1
  (0, 51)	1
  (0, 52)	1
  (0, 53)	1
  (0, 55)	1
  (0, 56)	1
  (0, 59)	1
  (0, 60)	1
  (0, 61)	1
  (0, 62)	1
  (0, 65)	1
  (0, 66)	1
  (0, 2)	1
  (0, 4)	1
  (0, 5)	1
  (0, 7)	1
  (0, 10)	1
  (0, 12)	1
  (0, 17)	1
  (0, 21)	1
  (0, 23)	1
  (0, 24)	1
  (0, 26)	1
  (0, 34)	1
  (0, 36)	1
  (0, 40)	1
  (0, 41)	1
  (0, 42)	1
  (0, 46)	1
  (0, 49)	1
  (0, 52)	1
  (0, 53)	1
  (0, 0)	1
  (0, 1)	1
  (0, 2)	1
  (0, 3)	1
  (0, 4)	1
  (0, 5)	1
  (0, 6)	1
  (0, 7)	1
  (0, 11)	1
  (0, 12)	1
  (0, 13)	1
  (0, 15)	1
  (0, 17)	1
  (0, 18)	1
  (0, 20)	1
  (0, 22)	1
  (0, 23)	1
  (0, 24)	1
  (0, 25)	1
  (0, 26)	1
  (0, 27)	1
  (0, 28)	1
  (0, 29)	1
  (0, 30)	1
  (0, 33)	1
  :	:
  (0, 36)	1
  (0, 37)	1
  (0, 38)	1
  (0, 39)	1
  (0, 40)	1
  (0, 41)	1
  (0, 42)	1
  (0, 47)	1
  (0, 48)	1
  (0, 49)	1
  (0, 50)	1
  (0, 51)	1
  (0, 52)	1
  (0, 54)	1
  (0, 55)	1
  (0, 56)	1
  (0, 57)	1
  (0, 58)	1
  (0, 59)	1
  (0, 61)	1
  (0, 62)	1
  (0, 63)	1
  (0, 64)	1
  (0, 65)	1
  (0, 66)	1
  (0, 0)	1
  (0, 1)	1
  (0, 3)	1
  (0, 4)	1
  (0, 5)	1
  (0, 6)	1
  (0, 7)	1
  (0, 8)	1
  (0, 9)	1
  (0, 11)	1
  (0, 12)	1
  (0, 13)	1
  (0, 14)	1
  (0, 15)	1
  (0, 16)	1
  (0, 17)	1
  (0, 19)	1
  (0, 21)	1
  (0, 23)	1
  (0, 24)	1
  (0, 25)	1
  (0, 26)	1
  (0, 27)	1
  (0, 29)	1
  (0, 30)	1
  :	:
  (0, 39)	1
  (0, 40)	1
  (0, 41)	1
  (0, 42)	1
  (0, 43)	1
  (0, 45)	1
  (0, 46)	1
  (0, 47)	1
  (0, 49)	1
  (0, 50)	1
  (0, 51)	1
  (0, 52)	1
  (0, 53)	1
  (0, 54)	1
  (0, 55)	1
  (0, 56)	1
  (0, 58)	1
  (0, 59)	1
  (0, 60)	1
  (0, 61)	1
  (0, 62)	1
  (0, 63)	1
  (0, 64)	1
  (0, 65)	1
  (0, 66)	1
  (0, 0)	1
  (0, 1)	1
  (0, 3)	1
  (0, 4)	1
  (0, 5)	1
  (0, 10)	1
  (0, 11)	1
  (0, 12)	1
  (0, 20)	1
  (0, 21)	1
  (0, 22)	1
  (0, 24)	1
  (0, 25)	1
  (0, 26)	1
  (0, 27)	1
  (0, 30)	1
  (0, 33)	1
  (0, 34)	1
  (0, 35)	1
  (0, 37)	1
  (0, 38)	1
  (0, 39)	1
  (0, 40)	1
  (0, 41)	1
  (0, 42)	1
  (0, 46)	1
  (0, 47)	1
  (0, 49)	1
  (0, 51)	1
  (0, 52)	1
  (0, 54)	1
  (0, 55)	1
  (0, 56)	1
  (0, 58)	1
  (0, 59)	1
  (0, 61)	1
  (0, 62)	1
  (0, 0)	1
  (0, 1)	1
  (0, 2)	1
  (0, 4)	1
  (0, 5)	1
  (0, 6)	1
  (0, 7)	1
  (0, 9)	1
  (0, 10)	1
  (0, 12)	1
  (0, 13)	1
  (0, 14)	1
  (0, 15)	1
  (0, 19)	1
  (0, 20)	1
  (0, 21)	1
  (0, 22)	1
  (0, 23)	1
  (0, 25)	1
  (0, 26)	1
  (0, 27)	1
  (0, 30)	1
  (0, 34)	1
  (0, 35)	1
  (0, 38)	1
  (0, 40)	1
  (0, 42)	1
  (0, 43)	1
  (0, 46)	1
  (0, 47)	1
  (0, 49)	1
  (0, 50)	1
  (0, 51)	1
  (0, 52)	1
  (0, 56)	1
  (0, 58)	1
  (0, 60)	1
  (0, 61)	1
  (0, 65)	1
  (0, 0)	1
  (0, 2)	1
  (0, 4)	1
  (0, 5)	1
  (0, 7)	1
  (0, 8)	1
  (0, 9)	1
  (0, 10)	1
  (0, 11)	1
  (0, 13)	1
  (0, 14)	1
  (0, 15)	1
  (0, 16)	1
  (0, 18)	1
  (0, 19)	1
  (0, 21)	1
  (0, 22)	1
  (0, 23)	1
  (0, 24)	1
  (0, 27)	1
  (0, 28)	1
  (0, 29)	1
  (0, 31)	1
  (0, 33)	1
  (0, 34)	1
  :	:
  (0, 36)	1
  (0, 39)	1
  (0, 40)	1
  (0, 41)	1
  (0, 42)	1
  (0, 45)	1
  (0, 46)	1
  (0, 47)	1
  (0, 48)	1
  (0, 49)	1
  (0, 50)	1
  (0, 51)	1
  (0, 52)	1
  (0, 53)	1
  (0, 54)	1
  (0, 55)	1
  (0, 56)	1
  (0, 57)	1
  (0, 58)	1
  (0, 59)	1
  (0, 60)	1
  (0, 61)	1
  (0, 62)	1
  (0, 63)	1
  (0, 65)	1
  (0, 0)	1
  (0, 1)	1
  (0, 2)	1
  (0, 3)	1
  (0, 4)	1
  (0, 5)	1
  (0, 7)	1
  (0, 8)	1
  (0, 10)	1
  (0, 11)	1
  (0, 12)	1
  (0, 14)	1
  (0, 15)	1
  (0, 17)	1
  (0, 18)	1
  (0, 20)	1
  (0, 21)	1
  (0, 22)	1
  (0, 23)	1
  (0, 24)	1
  (0, 27)	1
  (0, 29)	1
  (0, 30)	1
  (0, 32)	1
  (0, 33)	1
  :	:
  (0, 36)	1
  (0, 37)	1
  (0, 38)	1
  (0, 39)	1
  (0, 40)	1
  (0, 42)	1
  (0, 43)	1
  (0, 46)	1
  (0, 47)	1
  (0, 48)	1
  (0, 49)	1
  (0, 50)	1
  (0, 51)	1
  (0, 52)	1
  (0, 53)	1
  (0, 54)	1
  (0, 55)	1
  (0, 57)	1
  (0, 58)	1
  (0, 59)	1
  (0, 60)	1
  (0, 61)	1
  (0, 62)	1
  (0, 63)	1
  (0, 64)	1
  (0, 0)	1
  (0, 1)	1
  (0, 2)	1
  (0, 3)	1
  (0, 4)	1
  (0, 5)	1
  (0, 6)	1
  (0, 7)	1
  (0, 8)	1
  (0, 9)	1
  (0, 10)	1
  (0, 11)	1
  (0, 12)	1
  (0, 13)	1
  (0, 14)	1
  (0, 15)	1
  (0, 16)	1
  (0, 17)	1
  (0, 18)	1
  (0, 19)	1
  (0, 21)	1
  (0, 22)	1
  (0, 23)	1
  (0, 24)	1
  (0, 25)	1
  :	:
  (0, 41)	1
  (0, 42)	1
  (0, 43)	1
  (0, 44)	1
  (0, 45)	1
  (0, 46)	1
  (0, 47)	1
  (0, 48)	1
  (0, 49)	1
  (0, 50)	1
  (0, 51)	1
  (0, 52)	1
  (0, 53)	1
  (0, 54)	1
  (0, 55)	1
  (0, 56)	1
  (0, 57)	1
  (0, 58)	1
  (0, 59)	1
  (0, 60)	1
  (0, 61)	1
  (0, 63)	1
  (0, 64)	1
  (0, 65)	1
  (0, 66)	1
  (0, 0)	1
  (0, 1)	1
  (0, 2)	1
  (0, 3)	1
  (0, 4)	1
  (0, 5)	1
  (0, 8)	1
  (0, 9)	1
  (0, 12)	1
  (0, 13)	1
  (0, 14)	1
  (0, 15)	1
  (0, 17)	1
  (0, 18)	1
  (0, 19)	1
  (0, 21)	1
  (0, 25)	1
  (0, 27)	1
  (0, 30)	1
  (0, 33)	1
  (0, 34)	1
  (0, 35)	1
  (0, 38)	1
  (0, 40)	1
  (0, 41)	1
  (0, 42)	1
  (0, 43)	1
  (0, 45)	1
  (0, 47)	1
  (0, 48)	1
  (0, 49)	1
  (0, 50)	1
  (0, 51)	1
  (0, 52)	1
  (0, 54)	1
  (0, 56)	1
  (0, 57)	1
  (0, 59)	1
  (0, 60)	1
  (0, 61)	1
  (0, 62)	1
  (0, 63)	1
  (0, 64)	1
  (0, 65)	1
  (0, 66)	1
  (0, 0)	1
  (0, 2)	1
  (0, 3)	1
  (0, 4)	1
  (0, 5)	1
  (0, 7)	1
  (0, 8)	1
  (0, 9)	1
  (0, 10)	1
  (0, 11)	1
  (0, 12)	1
  (0, 14)	1
  (0, 15)	1
  (0, 16)	1
  (0, 18)	1
  (0, 19)	1
  (0, 21)	1
  (0, 22)	1
  (0, 25)	1
  (0, 26)	1
  (0, 27)	1
  (0, 30)	1
  (0, 31)	1
  (0, 33)	1
  (0, 34)	1
  (0, 35)	1
  (0, 39)	1
  (0, 40)	1
  (0, 41)	1
  (0, 42)	1
  (0, 44)	1
  (0, 45)	1
  (0, 46)	1
  (0, 47)	1
  (0, 48)	1
  (0, 49)	1
  (0, 50)	1
  (0, 51)	1
  (0, 52)	1
  (0, 54)	1
  (0, 55)	1
  (0, 56)	1
  (0, 57)	1
  (0, 58)	1
  (0, 59)	1
  (0, 60)	1
  (0, 61)	1
  (0, 62)	1
  (0, 63)	1
  (0, 66)	1
  (0, 0)	1
  (0, 1)	1
  (0, 2)	1
  (0, 3)	1
  (0, 4)	1
  (0, 5)	1
  (0, 6)	1
  (0, 7)	1
  (0, 8)	1
  (0, 9)	1
  (0, 10)	1
  (0, 11)	1
  (0, 12)	1
  (0, 13)	1
  (0, 14)	1
  (0, 15)	1
  (0, 17)	1
  (0, 18)	1
  (0, 19)	1
  (0, 21)	1
  (0, 22)	1
  (0, 23)	1
  (0, 24)	1
  (0, 26)	1
  (0, 27)	1
  :	:
  (0, 39)	1
  (0, 40)	1
  (0, 42)	1
  (0, 43)	1
  (0, 44)	1
  (0, 45)	1
  (0, 47)	1
  (0, 48)	1
  (0, 49)	1
  (0, 50)	1
  (0, 51)	1
  (0, 52)	1
  (0, 53)	1
  (0, 54)	1
  (0, 55)	1
  (0, 57)	1
  (0, 58)	1
  (0, 59)	1
  (0, 60)	1
  (0, 61)	1
  (0, 62)	1
  (0, 63)	1
  (0, 64)	1
  (0, 65)	1
  (0, 66)	1
  (0, 0)	1
  (0, 1)	1
  (0, 3)	1
  (0, 4)	1
  (0, 5)	1
  (0, 6)	1
  (0, 7)	1
  (0, 8)	1
  (0, 10)	1
  (0, 11)	1
  (0, 13)	1
  (0, 14)	1
  (0, 15)	1
  (0, 17)	1
  (0, 18)	1
  (0, 19)	1
  (0, 25)	1
  (0, 27)	1
  (0, 29)	1
  (0, 30)	1
  (0, 33)	1
  (0, 35)	1
  (0, 37)	1
  (0, 38)	1
  (0, 39)	1
  (0, 40)	1
  (0, 41)	1
  (0, 42)	1
  (0, 45)	1
  (0, 48)	1
  (0, 49)	1
  (0, 50)	1
  (0, 51)	1
  (0, 52)	1
  (0, 53)	1
  (0, 54)	1
  (0, 55)	1
  (0, 56)	1
  (0, 58)	1
  (0, 60)	1
  (0, 61)	1
  (0, 62)	1
  (0, 63)	1
  (0, 64)	1
  (0, 65)	1
  (0, 66)	1
  (0, 0)	1
  (0, 1)	1
  (0, 3)	1
  (0, 4)	1
  (0, 5)	1
  (0, 6)	1
  (0, 7)	1
  (0, 9)	1
  (0, 11)	1
  (0, 13)	1
  (0, 14)	1
  (0, 15)	1
  (0, 19)	1
  (0, 22)	1
  (0, 26)	1
  (0, 27)	1
  (0, 30)	1
  (0, 33)	1
  (0, 34)	1
  (0, 35)	1
  (0, 36)	1
  (0, 38)	1
  (0, 39)	1
  (0, 40)	1
  (0, 42)	1
  (0, 46)	1
  (0, 47)	1
  (0, 49)	1
  (0, 50)	1
  (0, 52)	1
  (0, 54)	1
  (0, 59)	1
  (0, 60)	1
  (0, 61)	1
  (0, 62)	1
  (0, 64)	1
  (0, 65)	1
  (0, 66)	1
  (0, 0)	1
  (0, 1)	1
  (0, 2)	1
  (0, 3)	1
  (0, 4)	1
  (0, 5)	1
  (0, 6)	1
  (0, 7)	1
  (0, 8)	1
  (0, 9)	1
  (0, 10)	1
  (0, 11)	1
  (0, 12)	1
  (0, 14)	1
  (0, 15)	1
  (0, 16)	1
  (0, 17)	1
  (0, 18)	1
  (0, 21)	1
  (0, 22)	1
  (0, 23)	1
  (0, 25)	1
  (0, 26)	1
  (0, 27)	1
  (0, 28)	1
  :	:
  (0, 40)	1
  (0, 41)	1
  (0, 42)	1
  (0, 43)	1
  (0, 46)	1
  (0, 47)	1
  (0, 48)	1
  (0, 49)	1
  (0, 50)	1
  (0, 51)	1
  (0, 52)	1
  (0, 53)	1
  (0, 54)	1
  (0, 55)	1
  (0, 56)	1
  (0, 57)	1
  (0, 58)	1
  (0, 59)	1
  (0, 60)	1
  (0, 61)	1
  (0, 62)	1
  (0, 63)	1
  (0, 64)	1
  (0, 65)	1
  (0, 66)	1
  (0, 0)	1
  (0, 1)	1
  (0, 2)	1
  (0, 3)	1
  (0, 4)	1
  (0, 5)	1
  (0, 6)	1
  (0, 7)	1
  (0, 8)	1
  (0, 9)	1
  (0, 10)	1
  (0, 11)	1
  (0, 12)	1
  (0, 14)	1
  (0, 15)	1
  (0, 17)	1
  (0, 18)	1
  (0, 19)	1
  (0, 20)	1
  (0, 21)	1
  (0, 23)	1
  (0, 24)	1
  (0, 25)	1
  (0, 26)	1
  (0, 27)	1
  :	:
  (0, 40)	1
  (0, 41)	1
  (0, 42)	1
  (0, 43)	1
  (0, 44)	1
  (0, 45)	1
  (0, 47)	1
  (0, 48)	1
  (0, 49)	1
  (0, 50)	1
  (0, 51)	1
  (0, 52)	1
  (0, 53)	1
  (0, 54)	1
  (0, 55)	1
  (0, 56)	1
  (0, 57)	1
  (0, 58)	1
  (0, 59)	1
  (0, 60)	1
  (0, 61)	1
  (0, 62)	1
  (0, 63)	1
  (0, 64)	1
  (0, 66)	1
  (0, 0)	1
  (0, 2)	1
  (0, 3)	1
  (0, 4)	1
  (0, 5)	1
  (0, 6)	1
  (0, 7)	1
  (0, 8)	1
  (0, 9)	1
  (0, 10)	1
  (0, 11)	1
  (0, 12)	1
  (0, 14)	1
  (0, 15)	1
  (0, 16)	1
  (0, 17)	1
  (0, 18)	1
  (0, 19)	1
  (0, 21)	1
  (0, 22)	1
  (0, 23)	1
  (0, 24)	1
  (0, 25)	1
  (0, 26)	1
  (0, 27)	1
  :	:
  (0, 41)	1
  (0, 42)	1
  (0, 43)	1
  (0, 44)	1
  (0, 45)	1
  (0, 47)	1
  (0, 48)	1
  (0, 49)	1
  (0, 50)	1
  (0, 51)	1
  (0, 52)	1
  (0, 53)	1
  (0, 54)	1
  (0, 55)	1
  (0, 56)	1
  (0, 57)	1
  (0, 58)	1
  (0, 59)	1
  (0, 60)	1
  (0, 61)	1
  (0, 62)	1
  (0, 63)	1
  (0, 64)	1
  (0, 65)	1
  (0, 66)	1
  (0, 0)	1
  (0, 1)	1
  (0, 3)	1
  (0, 4)	1
  (0, 5)	1
  (0, 8)	1
  (0, 9)	1
  (0, 10)	1
  (0, 12)	1
  (0, 13)	1
  (0, 15)	1
  (0, 17)	1
  (0, 18)	1
  (0, 19)	1
  (0, 20)	1
  (0, 21)	1
  (0, 25)	1
  (0, 26)	1
  (0, 27)	1
  (0, 30)	1
  (0, 32)	1
  (0, 33)	1
  (0, 34)	1
  (0, 35)	1
  (0, 37)	1
  (0, 39)	1
  (0, 40)	1
  (0, 41)	1
  (0, 42)	1
  (0, 43)	1
  (0, 45)	1
  (0, 46)	1
  (0, 47)	1
  (0, 48)	1
  (0, 50)	1
  (0, 51)	1
  (0, 52)	1
  (0, 53)	1
  (0, 54)	1
  (0, 55)	1
  (0, 58)	1
  (0, 59)	1
  (0, 60)	1
  (0, 61)	1
  (0, 62)	1
  (0, 63)	1
  (0, 64)	1
  (0, 65)	1
  (0, 1)	1
  (0, 2)	1
  (0, 3)	1
  (0, 4)	1
  (0, 6)	1
  (0, 8)	1
  (0, 10)	1
  (0, 13)	1
  (0, 14)	1
  (0, 15)	1
  (0, 17)	1
  (0, 18)	1
  (0, 21)	1
  (0, 22)	1
  (0, 23)	1
  (0, 26)	1
  (0, 27)	1
  (0, 30)	1
  (0, 31)	1
  (0, 33)	1
  (0, 34)	1
  (0, 35)	1
  (0, 36)	1
  (0, 38)	1
  (0, 39)	1
  (0, 40)	1
  (0, 42)	1
  (0, 45)	1
  (0, 47)	1
  (0, 49)	1
  (0, 50)	1
  (0, 51)	1
  (0, 52)	1
  (0, 55)	1
  (0, 57)	1
  (0, 58)	1
  (0, 59)	1
  (0, 60)	1
  (0, 61)	1
  (0, 62)	1
  (0, 63)	1
  (0, 64)	1
  (0, 0)	1
  (0, 1)	1
  (0, 2)	1
  (0, 3)	1
  (0, 4)	1
  (0, 5)	1
  (0, 6)	1
  (0, 8)	1
  (0, 11)	1
  (0, 12)	1
  (0, 13)	1
  (0, 14)	1
  (0, 15)	1
  (0, 16)	1
  (0, 17)	1
  (0, 18)	1
  (0, 21)	1
  (0, 22)	1
  (0, 23)	1
  (0, 24)	1
  (0, 26)	1
  (0, 27)	1
  (0, 28)	1
  (0, 30)	1
  (0, 31)	1
  :	:
  (0, 40)	1
  (0, 42)	1
  (0, 43)	1
  (0, 44)	1
  (0, 45)	1
  (0, 46)	1
  (0, 47)	1
  (0, 48)	1
  (0, 49)	1
  (0, 50)	1
  (0, 51)	1
  (0, 52)	1
  (0, 53)	1
  (0, 54)	1
  (0, 55)	1
  (0, 56)	1
  (0, 57)	1
  (0, 58)	1
  (0, 59)	1
  (0, 60)	1
  (0, 61)	1
  (0, 62)	1
  (0, 63)	1
  (0, 64)	1
  (0, 66)	1
  (0, 0)	1
  (0, 2)	1
  (0, 3)	1
  (0, 4)	1
  (0, 5)	1
  (0, 7)	1
  (0, 8)	1
  (0, 9)	1
  (0, 10)	1
  (0, 11)	1
  (0, 12)	1
  (0, 14)	1
  (0, 15)	1
  (0, 18)	1
  (0, 21)	1
  (0, 22)	1
  (0, 23)	1
  (0, 25)	1
  (0, 26)	1
  (0, 27)	1
  (0, 29)	1
  (0, 30)	1
  (0, 31)	1
  (0, 32)	1
  (0, 33)	1
  :	:
  (0, 37)	1
  (0, 38)	1
  (0, 40)	1
  (0, 41)	1
  (0, 42)	1
  (0, 43)	1
  (0, 45)	1
  (0, 47)	1
  (0, 48)	1
  (0, 49)	1
  (0, 50)	1
  (0, 51)	1
  (0, 52)	1
  (0, 53)	1
  (0, 54)	1
  (0, 55)	1
  (0, 56)	1
  (0, 57)	1
  (0, 58)	1
  (0, 59)	1
  (0, 60)	1
  (0, 61)	1
  (0, 63)	1
  (0, 64)	1
  (0, 65)	1
  (0, 0)	1
  (0, 1)	1
  (0, 2)	1
  (0, 3)	1
  (0, 4)	1
  (0, 5)	1
  (0, 6)	1
  (0, 7)	1
  (0, 8)	1
  (0, 9)	1
  (0, 10)	1
  (0, 11)	1
  (0, 12)	1
  (0, 13)	1
  (0, 14)	1
  (0, 15)	1
  (0, 17)	1
  (0, 18)	1
  (0, 19)	1
  (0, 20)	1
  (0, 21)	1
  (0, 22)	1
  (0, 23)	1
  (0, 24)	1
  (0, 25)	1
  :	:
  (0, 42)	1
  (0, 43)	1
  (0, 44)	1
  (0, 45)	1
  (0, 46)	1
  (0, 47)	1
  (0, 48)	1
  (0, 49)	1
  (0, 50)	1
  (0, 51)	1
  (0, 52)	1
  (0, 53)	1
  (0, 54)	1
  (0, 55)	1
  (0, 56)	1
  (0, 57)	1
  (0, 58)	1
  (0, 59)	1
  (0, 60)	1
  (0, 61)	1
  (0, 62)	1
  (0, 63)	1
  (0, 64)	1
  (0, 65)	1
  (0, 66)	1
  (0, 0)	1
  (0, 2)	1
  (0, 3)	1
  (0, 4)	1
  (0, 5)	1
  (0, 9)	1
  (0, 10)	1
  (0, 11)	1
  (0, 12)	1
  (0, 14)	1
  (0, 15)	1
  (0, 17)	1
  (0, 18)	1
  (0, 20)	1
  (0, 21)	1
  (0, 22)	1
  (0, 23)	1
  (0, 25)	1
  (0, 27)	1
  (0, 28)	1
  (0, 29)	1
  (0, 31)	1
  (0, 33)	1
  (0, 34)	1
  (0, 35)	1
  (0, 36)	1
  (0, 39)	1
  (0, 40)	1
  (0, 42)	1
  (0, 43)	1
  (0, 44)	1
  (0, 45)	1
  (0, 46)	1
  (0, 47)	1
  (0, 48)	1
  (0, 49)	1
  (0, 50)	1
  (0, 51)	1
  (0, 52)	1
  (0, 54)	1
  (0, 55)	1
  (0, 56)	1
  (0, 57)	1
  (0, 58)	1
  (0, 59)	1
  (0, 60)	1
  (0, 61)	1
  (0, 63)	1
  (0, 64)	1
  (0, 66)	1
  (0, 0)	1
  (0, 1)	1
  (0, 2)	1
  (0, 3)	1
  (0, 4)	1
  (0, 5)	1
  (0, 6)	1
  (0, 7)	1
  (0, 8)	1
  (0, 9)	1
  (0, 10)	1
  (0, 11)	1
  (0, 12)	1
  (0, 13)	1
  (0, 14)	1
  (0, 15)	1
  (0, 16)	1
  (0, 17)	1
  (0, 18)	1
  (0, 19)	1
  (0, 20)	1
  (0, 21)	1
  (0, 22)	1
  (0, 23)	1
  (0, 24)	1
  :	:
  (0, 41)	1
  (0, 43)	1
  (0, 44)	1
  (0, 45)	1
  (0, 46)	1
  (0, 47)	1
  (0, 48)	1
  (0, 49)	1
  (0, 50)	1
  (0, 51)	1
  (0, 52)	1
  (0, 53)	1
  (0, 54)	1
  (0, 55)	1
  (0, 56)	1
  (0, 57)	1
  (0, 58)	1
  (0, 59)	1
  (0, 60)	1
  (0, 61)	1
  (0, 62)	1
  (0, 63)	1
  (0, 64)	1
  (0, 65)	1
  (0, 66)	1
  (0, 0)	1
  (0, 1)	1
  (0, 2)	1
  (0, 3)	1
  (0, 4)	1
  (0, 5)	1
  (0, 9)	1
  (0, 10)	1
  (0, 12)	1
  (0, 13)	1
  (0, 14)	1
  (0, 15)	1
  (0, 16)	1
  (0, 19)	1
  (0, 22)	1
  (0, 24)	1
  (0, 26)	1
  (0, 27)	1
  (0, 28)	1
  (0, 30)	1
  (0, 33)	1
  (0, 34)	1
  (0, 35)	1
  (0, 36)	1
  (0, 38)	1
  (0, 39)	1
  (0, 40)	1
  (0, 41)	1
  (0, 42)	1
  (0, 44)	1
  (0, 45)	1
  (0, 46)	1
  (0, 47)	1
  (0, 48)	1
  (0, 49)	1
  (0, 50)	1
  (0, 51)	1
  (0, 52)	1
  (0, 53)	1
  (0, 55)	1
  (0, 56)	1
  (0, 57)	1
  (0, 58)	1
  (0, 63)	1
  (0, 65)	1
  (0, 0)	1
  (0, 1)	1
  (0, 2)	1
  (0, 3)	1
  (0, 4)	1
  (0, 6)	1
  (0, 7)	1
  (0, 9)	1
  (0, 10)	1
  (0, 11)	1
  (0, 14)	1
  (0, 15)	1
  (0, 27)	1
  (0, 29)	1
  (0, 30)	1
  (0, 34)	1
  (0, 35)	1
  (0, 38)	1
  (0, 40)	1
  (0, 41)	1
  (0, 42)	1
  (0, 43)	1
  (0, 45)	1
  (0, 46)	1
  (0, 47)	1
  (0, 48)	1
  (0, 49)	1
  (0, 50)	1
  (0, 51)	1
  (0, 52)	1
  (0, 53)	1
  (0, 54)	1
  (0, 56)	1
  (0, 58)	1
  (0, 62)	1
  (0, 63)	1
  (0, 65)	1
  (0, 0)	1
  (0, 1)	1
  (0, 2)	1
  (0, 3)	1
  (0, 4)	1
  (0, 5)	1
  (0, 7)	1
  (0, 8)	1
  (0, 9)	1
  (0, 10)	1
  (0, 11)	1
  (0, 12)	1
  (0, 14)	1
  (0, 15)	1
  (0, 16)	1
  (0, 17)	1
  (0, 18)	1
  (0, 22)	1
  (0, 25)	1
  (0, 27)	1
  (0, 28)	1
  (0, 29)	1
  (0, 30)	1
  (0, 31)	1
  (0, 34)	1
  :	:
  (0, 39)	1
  (0, 40)	1
  (0, 41)	1
  (0, 42)	1
  (0, 43)	1
  (0, 44)	1
  (0, 46)	1
  (0, 47)	1
  (0, 49)	1
  (0, 50)	1
  (0, 51)	1
  (0, 52)	1
  (0, 54)	1
  (0, 55)	1
  (0, 56)	1
  (0, 57)	1
  (0, 58)	1
  (0, 59)	1
  (0, 60)	1
  (0, 61)	1
  (0, 62)	1
  (0, 63)	1
  (0, 64)	1
  (0, 65)	1
  (0, 66)	1
  (0, 0)	1
  (0, 2)	1
  (0, 3)	1
  (0, 4)	1
  (0, 5)	1
  (0, 6)	1
  (0, 7)	1
  (0, 11)	1
  (0, 12)	1
  (0, 14)	1
  (0, 15)	1
  (0, 17)	1
  (0, 18)	1
  (0, 20)	1
  (0, 22)	1
  (0, 23)	1
  (0, 24)	1
  (0, 25)	1
  (0, 26)	1
  (0, 27)	1
  (0, 29)	1
  (0, 32)	1
  (0, 33)	1
  (0, 36)	1
  (0, 38)	1
  (0, 40)	1
  (0, 41)	1
  (0, 42)	1
  (0, 43)	1
  (0, 44)	1
  (0, 45)	1
  (0, 47)	1
  (0, 49)	1
  (0, 50)	1
  (0, 51)	1
  (0, 52)	1
  (0, 53)	1
  (0, 54)	1
  (0, 56)	1
  (0, 57)	1
  (0, 58)	1
  (0, 59)	1
  (0, 63)	1
  (0, 64)	1
  (0, 65)	1
  (0, 0)	1
  (0, 1)	1
  (0, 2)	1
  (0, 3)	1
  (0, 4)	1
  (0, 5)	1
  (0, 6)	1
  (0, 7)	1
  (0, 8)	1
  (0, 9)	1
  (0, 10)	1
  (0, 11)	1
  (0, 12)	1
  (0, 13)	1
  (0, 14)	1
  (0, 15)	1
  (0, 16)	1
  (0, 17)	1
  (0, 18)	1
  (0, 19)	1
  (0, 21)	1
  (0, 22)	1
  (0, 23)	1
  (0, 24)	1
  (0, 25)	1
  :	:
  (0, 41)	1
  (0, 42)	1
  (0, 43)	1
  (0, 44)	1
  (0, 45)	1
  (0, 46)	1
  (0, 48)	1
  (0, 49)	1
  (0, 50)	1
  (0, 51)	1
  (0, 52)	1
  (0, 53)	1
  (0, 54)	1
  (0, 55)	1
  (0, 56)	1
  (0, 57)	1
  (0, 58)	1
  (0, 59)	1
  (0, 60)	1
  (0, 61)	1
  (0, 62)	1
  (0, 63)	1
  (0, 64)	1
  (0, 65)	1
  (0, 66)	1
  (0, 0)	1
  (0, 1)	1
  (0, 2)	1
  (0, 3)	1
  (0, 4)	1
  (0, 5)	1
  (0, 6)	1
  (0, 7)	1
  (0, 8)	1
  (0, 9)	1
  (0, 10)	1
  (0, 11)	1
  (0, 14)	1
  (0, 15)	1
  (0, 16)	1
  (0, 18)	1
  (0, 21)	1
  (0, 25)	1
  (0, 26)	1
  (0, 27)	1
  (0, 28)	1
  (0, 29)	1
  (0, 30)	1
  (0, 31)	1
  (0, 33)	1
  (0, 34)	1
  (0, 35)	1
  (0, 36)	1
  (0, 38)	1
  (0, 39)	1
  (0, 40)	1
  (0, 41)	1
  (0, 42)	1
  (0, 43)	1
  (0, 44)	1
  (0, 47)	1
  (0, 49)	1
  (0, 50)	1
  (0, 51)	1
  (0, 52)	1
  (0, 55)	1
  (0, 56)	1
  (0, 57)	1
  (0, 58)	1
  (0, 59)	1
  (0, 60)	1
  (0, 61)	1
  (0, 62)	1
  (0, 63)	1
  (0, 64)	1
  (0, 0)	1
  (0, 1)	1
  (0, 2)	1
  (0, 3)	1
  (0, 4)	1
  (0, 5)	1
  (0, 6)	1
  (0, 7)	1
  (0, 8)	1
  (0, 9)	1
  (0, 10)	1
  (0, 11)	1
  (0, 12)	1
  (0, 13)	1
  (0, 14)	1
  (0, 15)	1
  (0, 16)	1
  (0, 17)	1
  (0, 18)	1
  (0, 19)	1
  (0, 20)	1
  (0, 21)	1
  (0, 22)	1
  (0, 23)	1
  (0, 24)	1
  :	:
  (0, 41)	1
  (0, 42)	1
  (0, 43)	1
  (0, 44)	1
  (0, 45)	1
  (0, 46)	1
  (0, 47)	1
  (0, 48)	1
  (0, 50)	1
  (0, 51)	1
  (0, 52)	1
  (0, 53)	1
  (0, 54)	1
  (0, 55)	1
  (0, 56)	1
  (0, 57)	1
  (0, 58)	1
  (0, 59)	1
  (0, 60)	1
  (0, 61)	1
  (0, 62)	1
  (0, 63)	1
  (0, 64)	1
  (0, 65)	1
  (0, 66)	1
  (0, 0)	1
  (0, 1)	1
  (0, 2)	1
  (0, 3)	1
  (0, 4)	1
  (0, 5)	1
  (0, 6)	1
  (0, 7)	1
  (0, 8)	1
  (0, 9)	1
  (0, 10)	1
  (0, 11)	1
  (0, 13)	1
  (0, 14)	1
  (0, 15)	1
  (0, 16)	1
  (0, 18)	1
  (0, 19)	1
  (0, 21)	1
  (0, 22)	1
  (0, 24)	1
  (0, 25)	1
  (0, 26)	1
  (0, 27)	1
  (0, 28)	1
  :	:
  (0, 41)	1
  (0, 42)	1
  (0, 43)	1
  (0, 44)	1
  (0, 45)	1
  (0, 46)	1
  (0, 47)	1
  (0, 48)	1
  (0, 49)	1
  (0, 51)	1
  (0, 52)	1
  (0, 53)	1
  (0, 54)	1
  (0, 55)	1
  (0, 56)	1
  (0, 57)	1
  (0, 58)	1
  (0, 59)	1
  (0, 60)	1
  (0, 61)	1
  (0, 62)	1
  (0, 63)	1
  (0, 64)	1
  (0, 65)	1
  (0, 66)	1
  (0, 0)	1
  (0, 1)	1
  (0, 2)	1
  (0, 3)	1
  (0, 4)	1
  (0, 5)	1
  (0, 6)	1
  (0, 7)	1
  (0, 8)	1
  (0, 9)	1
  (0, 10)	1
  (0, 11)	1
  (0, 12)	1
  (0, 13)	1
  (0, 14)	1
  (0, 15)	1
  (0, 16)	1
  (0, 17)	1
  (0, 18)	1
  (0, 19)	1
  (0, 21)	1
  (0, 22)	1
  (0, 23)	1
  (0, 24)	1
  (0, 25)	1
  :	:
  (0, 41)	1
  (0, 42)	1
  (0, 43)	1
  (0, 44)	1
  (0, 45)	1
  (0, 46)	1
  (0, 47)	1
  (0, 48)	1
  (0, 49)	1
  (0, 50)	1
  (0, 52)	1
  (0, 53)	1
  (0, 54)	1
  (0, 55)	1
  (0, 56)	1
  (0, 57)	1
  (0, 58)	1
  (0, 59)	1
  (0, 60)	1
  (0, 61)	1
  (0, 62)	1
  (0, 63)	1
  (0, 64)	1
  (0, 65)	1
  (0, 66)	1
  (0, 0)	1
  (0, 1)	1
  (0, 2)	1
  (0, 3)	1
  (0, 4)	1
  (0, 5)	1
  (0, 6)	1
  (0, 7)	1
  (0, 8)	1
  (0, 9)	1
  (0, 10)	1
  (0, 11)	1
  (0, 12)	1
  (0, 13)	1
  (0, 14)	1
  (0, 15)	1
  (0, 16)	1
  (0, 17)	1
  (0, 18)	1
  (0, 19)	1
  (0, 20)	1
  (0, 21)	1
  (0, 22)	1
  (0, 23)	1
  (0, 24)	1
  :	:
  (0, 41)	1
  (0, 42)	1
  (0, 43)	1
  (0, 44)	1
  (0, 45)	1
  (0, 46)	1
  (0, 47)	1
  (0, 48)	1
  (0, 49)	1
  (0, 50)	1
  (0, 51)	1
  (0, 53)	1
  (0, 54)	1
  (0, 55)	1
  (0, 56)	1
  (0, 57)	1
  (0, 58)	1
  (0, 59)	1
  (0, 60)	1
  (0, 61)	1
  (0, 62)	1
  (0, 63)	1
  (0, 64)	1
  (0, 65)	1
  (0, 66)	1
  (0, 0)	1
  (0, 1)	1
  (0, 3)	1
  (0, 4)	1
  (0, 5)	1
  (0, 6)	1
  (0, 7)	1
  (0, 8)	1
  (0, 9)	1
  (0, 11)	1
  (0, 14)	1
  (0, 15)	1
  (0, 16)	1
  (0, 17)	1
  (0, 18)	1
  (0, 19)	1
  (0, 20)	1
  (0, 22)	1
  (0, 25)	1
  (0, 26)	1
  (0, 27)	1
  (0, 30)	1
  (0, 31)	1
  (0, 33)	1
  (0, 34)	1
  (0, 35)	1
  (0, 36)	1
  (0, 38)	1
  (0, 39)	1
  (0, 40)	1
  (0, 42)	1
  (0, 43)	1
  (0, 44)	1
  (0, 46)	1
  (0, 47)	1
  (0, 49)	1
  (0, 50)	1
  (0, 51)	1
  (0, 52)	1
  (0, 55)	1
  (0, 56)	1
  (0, 57)	1
  (0, 58)	1
  (0, 59)	1
  (0, 60)	1
  (0, 61)	1
  (0, 62)	1
  (0, 63)	1
  (0, 64)	1
  (0, 65)	1
  (0, 0)	1
  (0, 1)	1
  (0, 2)	1
  (0, 3)	1
  (0, 4)	1
  (0, 5)	1
  (0, 6)	1
  (0, 7)	1
  (0, 8)	1
  (0, 9)	1
  (0, 10)	1
  (0, 11)	1
  (0, 12)	1
  (0, 13)	1
  (0, 14)	1
  (0, 15)	1
  (0, 17)	1
  (0, 18)	1
  (0, 21)	1
  (0, 22)	1
  (0, 23)	1
  (0, 25)	1
  (0, 26)	1
  (0, 27)	1
  (0, 28)	1
  :	:
  (0, 38)	1
  (0, 39)	1
  (0, 40)	1
  (0, 41)	1
  (0, 42)	1
  (0, 44)	1
  (0, 45)	1
  (0, 46)	1
  (0, 47)	1
  (0, 49)	1
  (0, 50)	1
  (0, 51)	1
  (0, 52)	1
  (0, 55)	1
  (0, 56)	1
  (0, 57)	1
  (0, 58)	1
  (0, 59)	1
  (0, 60)	1
  (0, 61)	1
  (0, 62)	1
  (0, 63)	1
  (0, 64)	1
  (0, 65)	1
  (0, 66)	1
  (0, 0)	1
  (0, 3)	1
  (0, 4)	1
  (0, 5)	1
  (0, 6)	1
  (0, 7)	1
  (0, 8)	1
  (0, 9)	1
  (0, 10)	1
  (0, 11)	1
  (0, 12)	1
  (0, 13)	1
  (0, 14)	1
  (0, 15)	1
  (0, 16)	1
  (0, 17)	1
  (0, 18)	1
  (0, 19)	1
  (0, 21)	1
  (0, 22)	1
  (0, 23)	1
  (0, 25)	1
  (0, 26)	1
  (0, 27)	1
  (0, 29)	1
  :	:
  (0, 37)	1
  (0, 38)	1
  (0, 39)	1
  (0, 40)	1
  (0, 41)	1
  (0, 42)	1
  (0, 43)	1
  (0, 45)	1
  (0, 47)	1
  (0, 48)	1
  (0, 49)	1
  (0, 50)	1
  (0, 51)	1
  (0, 52)	1
  (0, 53)	1
  (0, 54)	1
  (0, 56)	1
  (0, 57)	1
  (0, 58)	1
  (0, 59)	1
  (0, 60)	1
  (0, 61)	1
  (0, 63)	1
  (0, 64)	1
  (0, 65)	1
  (0, 0)	1
  (0, 1)	1
  (0, 2)	1
  (0, 4)	1
  (0, 5)	1
  (0, 7)	1
  (0, 8)	1
  (0, 9)	1
  (0, 10)	1
  (0, 11)	1
  (0, 12)	1
  (0, 14)	1
  (0, 15)	1
  (0, 16)	1
  (0, 17)	1
  (0, 18)	1
  (0, 19)	1
  (0, 21)	1
  (0, 22)	1
  (0, 23)	1
  (0, 24)	1
  (0, 25)	1
  (0, 27)	1
  (0, 28)	1
  (0, 29)	1
  :	:
  (0, 41)	1
  (0, 42)	1
  (0, 43)	1
  (0, 44)	1
  (0, 45)	1
  (0, 46)	1
  (0, 47)	1
  (0, 48)	1
  (0, 49)	1
  (0, 50)	1
  (0, 51)	1
  (0, 52)	1
  (0, 53)	1
  (0, 54)	1
  (0, 55)	1
  (0, 57)	1
  (0, 58)	1
  (0, 59)	1
  (0, 60)	1
  (0, 61)	1
  (0, 62)	1
  (0, 63)	1
  (0, 64)	1
  (0, 65)	1
  (0, 66)	1
  (0, 0)	1
  (0, 1)	1
  (0, 3)	1
  (0, 4)	1
  (0, 5)	1
  (0, 7)	1
  (0, 9)	1
  (0, 10)	1
  (0, 11)	1
  (0, 12)	1
  (0, 14)	1
  (0, 15)	1
  (0, 16)	1
  (0, 17)	1
  (0, 18)	1
  (0, 21)	1
  (0, 25)	1
  (0, 26)	1
  (0, 27)	1
  (0, 28)	1
  (0, 29)	1
  (0, 30)	1
  (0, 33)	1
  (0, 34)	1
  (0, 35)	1
  :	:
  (0, 38)	1
  (0, 39)	1
  (0, 40)	1
  (0, 41)	1
  (0, 42)	1
  (0, 43)	1
  (0, 45)	1
  (0, 46)	1
  (0, 47)	1
  (0, 48)	1
  (0, 49)	1
  (0, 50)	1
  (0, 51)	1
  (0, 52)	1
  (0, 53)	1
  (0, 54)	1
  (0, 55)	1
  (0, 56)	1
  (0, 58)	1
  (0, 59)	1
  (0, 60)	1
  (0, 61)	1
  (0, 62)	1
  (0, 63)	1
  (0, 65)	1
  (0, 0)	1
  (0, 2)	1
  (0, 3)	1
  (0, 4)	1
  (0, 5)	1
  (0, 7)	1
  (0, 8)	1
  (0, 9)	1
  (0, 10)	1
  (0, 11)	1
  (0, 12)	1
  (0, 14)	1
  (0, 15)	1
  (0, 16)	1
  (0, 18)	1
  (0, 21)	1
  (0, 22)	1
  (0, 23)	1
  (0, 24)	1
  (0, 25)	1
  (0, 26)	1
  (0, 27)	1
  (0, 29)	1
  (0, 30)	1
  (0, 31)	1
  :	:
  (0, 41)	1
  (0, 42)	1
  (0, 43)	1
  (0, 44)	1
  (0, 45)	1
  (0, 46)	1
  (0, 47)	1
  (0, 48)	1
  (0, 49)	1
  (0, 50)	1
  (0, 51)	1
  (0, 52)	1
  (0, 53)	1
  (0, 54)	1
  (0, 55)	1
  (0, 56)	1
  (0, 57)	1
  (0, 59)	1
  (0, 60)	1
  (0, 61)	1
  (0, 62)	1
  (0, 63)	1
  (0, 64)	1
  (0, 65)	1
  (0, 66)	1
  (0, 0)	1
  (0, 2)	1
  (0, 3)	1
  (0, 4)	1
  (0, 5)	1
  (0, 7)	1
  (0, 8)	1
  (0, 9)	1
  (0, 10)	1
  (0, 11)	1
  (0, 12)	1
  (0, 14)	1
  (0, 15)	1
  (0, 17)	1
  (0, 18)	1
  (0, 19)	1
  (0, 21)	1
  (0, 22)	1
  (0, 23)	1
  (0, 25)	1
  (0, 26)	1
  (0, 27)	1
  (0, 28)	1
  (0, 29)	1
  (0, 30)	1
  :	:
  (0, 38)	1
  (0, 39)	1
  (0, 40)	1
  (0, 41)	1
  (0, 42)	1
  (0, 45)	1
  (0, 46)	1
  (0, 47)	1
  (0, 48)	1
  (0, 49)	1
  (0, 50)	1
  (0, 51)	1
  (0, 52)	1
  (0, 53)	1
  (0, 54)	1
  (0, 55)	1
  (0, 56)	1
  (0, 57)	1
  (0, 58)	1
  (0, 60)	1
  (0, 61)	1
  (0, 62)	1
  (0, 63)	1
  (0, 65)	1
  (0, 66)	1
  (0, 0)	1
  (0, 1)	1
  (0, 3)	1
  (0, 4)	1
  (0, 5)	1
  (0, 6)	1
  (0, 7)	1
  (0, 8)	1
  (0, 9)	1
  (0, 11)	1
  (0, 12)	1
  (0, 13)	1
  (0, 14)	1
  (0, 15)	1
  (0, 19)	1
  (0, 22)	1
  (0, 24)	1
  (0, 25)	1
  (0, 26)	1
  (0, 27)	1
  (0, 28)	1
  (0, 29)	1
  (0, 30)	1
  (0, 31)	1
  (0, 32)	1
  :	:
  (0, 38)	1
  (0, 39)	1
  (0, 40)	1
  (0, 41)	1
  (0, 42)	1
  (0, 45)	1
  (0, 47)	1
  (0, 48)	1
  (0, 49)	1
  (0, 50)	1
  (0, 51)	1
  (0, 52)	1
  (0, 53)	1
  (0, 54)	1
  (0, 55)	1
  (0, 56)	1
  (0, 57)	1
  (0, 58)	1
  (0, 59)	1
  (0, 61)	1
  (0, 62)	1
  (0, 63)	1
  (0, 64)	1
  (0, 65)	1
  (0, 66)	1
  (0, 0)	1
  (0, 2)	1
  (0, 3)	1
  (0, 4)	1
  (0, 5)	1
  (0, 6)	1
  (0, 8)	1
  (0, 11)	1
  (0, 12)	1
  (0, 13)	1
  (0, 14)	1
  (0, 15)	1
  (0, 16)	1
  (0, 19)	1
  (0, 21)	1
  (0, 22)	1
  (0, 23)	1
  (0, 24)	1
  (0, 25)	1
  (0, 26)	1
  (0, 27)	1
  (0, 28)	1
  (0, 29)	1
  (0, 30)	1
  (0, 31)	1
  :	:
  (0, 37)	1
  (0, 38)	1
  (0, 39)	1
  (0, 40)	1
  (0, 41)	1
  (0, 42)	1
  (0, 45)	1
  (0, 47)	1
  (0, 48)	1
  (0, 49)	1
  (0, 50)	1
  (0, 51)	1
  (0, 52)	1
  (0, 53)	1
  (0, 54)	1
  (0, 55)	1
  (0, 56)	1
  (0, 57)	1
  (0, 58)	1
  (0, 59)	1
  (0, 60)	1
  (0, 62)	1
  (0, 63)	1
  (0, 64)	1
  (0, 66)	1
  (0, 0)	1
  (0, 1)	1
  (0, 2)	1
  (0, 3)	1
  (0, 4)	1
  (0, 5)	1
  (0, 6)	1
  (0, 7)	1
  (0, 8)	1
  (0, 9)	1
  (0, 10)	1
  (0, 11)	1
  (0, 13)	1
  (0, 14)	1
  (0, 15)	1
  (0, 17)	1
  (0, 19)	1
  (0, 21)	1
  (0, 22)	1
  (0, 23)	1
  (0, 25)	1
  (0, 26)	1
  (0, 28)	1
  (0, 29)	1
  (0, 30)	1
  :	:
  (0, 36)	1
  (0, 37)	1
  (0, 38)	1
  (0, 40)	1
  (0, 42)	1
  (0, 44)	1
  (0, 45)	1
  (0, 47)	1
  (0, 48)	1
  (0, 49)	1
  (0, 50)	1
  (0, 51)	1
  (0, 52)	1
  (0, 53)	1
  (0, 54)	1
  (0, 56)	1
  (0, 57)	1
  (0, 58)	1
  (0, 59)	1
  (0, 60)	1
  (0, 61)	1
  (0, 63)	1
  (0, 64)	1
  (0, 65)	1
  (0, 66)	1
  (0, 0)	1
  (0, 1)	1
  (0, 2)	1
  (0, 3)	1
  (0, 4)	1
  (0, 5)	1
  (0, 6)	1
  (0, 7)	1
  (0, 8)	1
  (0, 9)	1
  (0, 10)	1
  (0, 11)	1
  (0, 12)	1
  (0, 13)	1
  (0, 14)	1
  (0, 15)	1
  (0, 16)	1
  (0, 17)	1
  (0, 18)	1
  (0, 21)	1
  (0, 22)	1
  (0, 25)	1
  (0, 26)	1
  (0, 27)	1
  (0, 28)	1
  :	:
  (0, 41)	1
  (0, 42)	1
  (0, 43)	1
  (0, 44)	1
  (0, 45)	1
  (0, 46)	1
  (0, 47)	1
  (0, 48)	1
  (0, 49)	1
  (0, 50)	1
  (0, 51)	1
  (0, 52)	1
  (0, 53)	1
  (0, 54)	1
  (0, 55)	1
  (0, 56)	1
  (0, 57)	1
  (0, 58)	1
  (0, 59)	1
  (0, 60)	1
  (0, 61)	1
  (0, 62)	1
  (0, 64)	1
  (0, 65)	1
  (0, 66)	1
  (0, 0)	1
  (0, 1)	1
  (0, 2)	1
  (0, 4)	1
  (0, 5)	1
  (0, 6)	1
  (0, 7)	1
  (0, 9)	1
  (0, 10)	1
  (0, 11)	1
  (0, 13)	1
  (0, 14)	1
  (0, 15)	1
  (0, 17)	1
  (0, 18)	1
  (0, 21)	1
  (0, 22)	1
  (0, 26)	1
  (0, 27)	1
  (0, 28)	1
  (0, 30)	1
  (0, 31)	1
  (0, 32)	1
  (0, 33)	1
  (0, 34)	1
  :	:
  (0, 37)	1
  (0, 38)	1
  (0, 39)	1
  (0, 40)	1
  (0, 41)	1
  (0, 42)	1
  (0, 45)	1
  (0, 46)	1
  (0, 47)	1
  (0, 48)	1
  (0, 49)	1
  (0, 50)	1
  (0, 51)	1
  (0, 52)	1
  (0, 53)	1
  (0, 54)	1
  (0, 55)	1
  (0, 56)	1
  (0, 58)	1
  (0, 60)	1
  (0, 61)	1
  (0, 62)	1
  (0, 63)	1
  (0, 65)	1
  (0, 66)	1
  (0, 0)	1
  (0, 1)	1
  (0, 2)	1
  (0, 3)	1
  (0, 4)	1
  (0, 5)	1
  (0, 6)	1
  (0, 7)	1
  (0, 8)	1
  (0, 10)	1
  (0, 11)	1
  (0, 12)	1
  (0, 14)	1
  (0, 15)	1
  (0, 18)	1
  (0, 19)	1
  (0, 21)	1
  (0, 22)	1
  (0, 24)	1
  (0, 25)	1
  (0, 27)	1
  (0, 28)	1
  (0, 30)	1
  (0, 31)	1
  (0, 32)	1
  :	:
  (0, 36)	1
  (0, 39)	1
  (0, 40)	1
  (0, 42)	1
  (0, 43)	1
  (0, 44)	1
  (0, 45)	1
  (0, 46)	1
  (0, 47)	1
  (0, 49)	1
  (0, 50)	1
  (0, 51)	1
  (0, 52)	1
  (0, 53)	1
  (0, 54)	1
  (0, 55)	1
  (0, 56)	1
  (0, 57)	1
  (0, 58)	1
  (0, 59)	1
  (0, 60)	1
  (0, 62)	1
  (0, 63)	1
  (0, 64)	1
  (0, 66)	1
  (0, 0)	1
  (0, 2)	1
  (0, 3)	1
  (0, 5)	1
  (0, 6)	1
  (0, 8)	1
  (0, 10)	1
  (0, 11)	1
  (0, 14)	1
  (0, 15)	1
  (0, 17)	1
  (0, 18)	1
  (0, 19)	1
  (0, 21)	1
  (0, 22)	1
  (0, 27)	1
  (0, 28)	1
  (0, 29)	1
  (0, 30)	1
  (0, 31)	1
  (0, 32)	1
  (0, 33)	1
  (0, 34)	1
  (0, 35)	1
  (0, 38)	1
  (0, 40)	1
  (0, 41)	1
  (0, 42)	1
  (0, 45)	1
  (0, 47)	1
  (0, 49)	1
  (0, 50)	1
  (0, 51)	1
  (0, 52)	1
  (0, 54)	1
  (0, 56)	1
  (0, 58)	1
  (0, 59)	1
  (0, 60)	1
  (0, 61)	1
  (0, 62)	1
  (0, 63)	1
  (0, 64)	1
  (0, 65)	1
